Workbook

Sheet Pivot_Calculations
B2: Procurement Spend & Operational Risk Dashboard
B4: Supplier Name | C4: Sum of Total Cost | D4: Sum of On-Time Delivery | G4: Risk Level | H4: Sum of Actual Delivery Days
B5: Rhine Component GmbH | C5: 30425 | D5: 2 | G5: Medium | H5: 89
B6: Zeng Logistics & Co | C6: 22220 | D6: 1 | G6: Low | H6: 54
B7: Apex Global Freight | C7: 20490 | D7: 1 | G7: High | H7: 36
B8: Nordic Steel Corp | C8: 15670 | D8: 2 | G8: Grand Total | H8: 179
B9: Alpha Packaging Ltd | C9: 8360 | D9: 2
B10: Grand Total | C10: 97165 | D10: 8

Sheet Data
A1: Order ID | B1: Order Date | C1: Supplier ID | D1: Item Category | E1: Quantity | F1: Unit Price | G1: Total Cost | H1: Promised Delivery Days | I1: Actual Delivery Days | J1: Supplier Name | K1: Risk Level | L1: Lead-Time Variance | M1: On-Time Delivery
A2: ORD-101 | B2: 46143 | C2: SUP-003 | D2: Raw Materials | E2: 500 | F2: 12.5 | G2: =E2*F2 -> 6250 | H2: 10 | I2: 12 | J2: =_xlfn.XLOOKUP(C:C,'Supplier_Info!'!A:A,'Supplier_Info!'!B:B) -> Zeng Logistics & Co | K2: =_xlfn.XLOOKUP(C:C,'Supplier_Info!'!A:A,'Supplier_Info!'!D:D) -> High | L2: =I2-H2 -> 2 | M2: =IF(I2<=H2,1,0) -> 0
A3: ORD-102 | B3: 46145 | C3: SUP-001 | D3: Packaging | E3: 1200 | F3: 1.8 | G3: =E3*F3 -> 2160 | H3: 7 | I3: 6 | J3: =_xlfn.XLOOKUP(C:C,'Supplier_Info!'!A:A,'Supplier_Info!'!B:B) -> Alpha Packaging Ltd | K3: =_xlfn.XLOOKUP(C:C,'Supplier_Info!'!A:A,'Supplier_Info!'!D:D) -> Low | L3: =I3-H3 -> -1 | M3: =IF(I3<=H3,1,0) -> 1
A4: ORD-103 | B4: 46146 | C4: SUP-005 | D4: Logistics Equipment | E4: 15 | F4: 450 | G4: =E4*F4 -> 6750 | H4: 14 | I4: 19 | J4: =_xlfn.XLOOKUP(C:C,'Supplier_Info!'!A:A,'Supplier_Info!'!B:B) -> Apex Global Freight | K4: =_xlfn.XLOOKUP(C:C,'Supplier_Info!'!A:A,'Supplier_Info!'!D:D) -> Medium | L4: =I4-H4 -> 5 | M4: =IF(I4<=H4,1,0) -> 0
A5: ORD-104 | B5: 46148 | C5: SUP-002 | D5: Raw Materials | E5: 350 | F5: 15 | G5: =E5*F5 -> 5250 | H5: 10 | I5: 10 | J5: =_xlfn.XLOOKUP(C:C,'Supplier_Info!'!A:A,'Supplier_Info!'!B:B) -> Nordic Steel Corp | K5: =_xlfn.XLOOKUP(C:C,'Supplier_Info!'!A:A,'Supplier_Info!'!D:D) -> Low | L5: =I5-H5 -> 0 | M5: =IF(I5<=H5,1,0) -> 1
A6: ORD-105 | B6: 46149 | C6: SUP-004 | D6: Components | E6: 80 | F6: 95 | G6: =E6*F6 -> 7600 | H6: 12 | I6: 11 | J6: =_xlfn.XLOOKUP(C:C,'Supplier_Info!'!A:A,'Supplier_Info!'!B:B) -> Rhine Component GmbH | K6: =_xlfn.XLOOKUP(C:C,'Supplier_Info!'!A:A,'Supplier_Info!'!D:D) -> Medium | L6: =I6-H6 -> -1 | M6: =IF(I6<=H6,1,0) -> 1
A7: ORD-106 | B7: 46152 | C7: SUP-001 | D7: Packaging | E7: 2000 | F7: 1.75 | G7: =E7*F7 -> 3500 | H7: 7 | I7: 9 | J7: =_xlfn.XLOOKUP(C:C,'Supplier_Info!'!A:A,'Supplier_Info!'!B:B) -> Alpha Packaging Ltd | K7: =_xlfn.XLOOKUP(C:C,'Supplier_Info!'!A:A,'Supplier_Info!'!D:D) -> Low | L7: =I7-H7 -> 2 | M7: =IF(I7<=H7,1,0) -> 0
A8: ORD-107 | B8: 46153 | C8: SUP-003 | D8: Raw Materials | E8: 600 | F8: 12.5 | G8: =E8*F8 -> 7500 | H8: 10 | I8: 10 | J8: =_xlfn.XLOOKUP(C:C,'Supplier_Info!'!A:A,'Supplier_Info!'!B:B) -> Zeng Logistics & Co | K8: =_xlfn.XLOOKUP(C:C,'Supplier_Info!'!A:A,'Supplier_Info!'!D:D) -> High | L8: =I8-H8 -> 0 | M8: =IF(I8<=H8,1,0) -> 1
A9: ORD-108 | B9: 46154 | C9: SUP-002 | D9: Raw Materials | E9: 400 | F9: 14.8 | G9: =E9*F9 -> 5920 | H9: 10 | I9: 13 | J9: =_xlfn.XLOOKUP(C:C,'Supplier_Info!'!A:A,'Supplier_Info!'!B:B) -> Nordic Steel Corp | K9: =_xlfn.XLOOKUP(C:C,'Supplier_Info!'!A:A,'Supplier_Info!'!D:D) -> Low | L9: =I9-H9 -> 3 | M9: =IF(I9<=H9,1,0) -> 0
A10: ORD-109 | B10: 46156 | C10: SUP-005 | D10: Logistics Equipment | E10: 8 | F10: 480 | G10: =E10*F10 -> 3840 | H10: 14 | I10: 14 | J10: =_xlfn.XLOOKUP(C:C,'Supplier_Info!'!A:A,'Supplier_Info!'!B:B) -> Apex Global Freight | K10: =_xlfn.XLOOKUP(C:C,'Supplier_Info!'!A:A,'Supplier_Info!'!D:D) -> Medium | L10: =I10-H10 -> 0 | M10: =IF(I10<=H10,1,0) -> 1
A11: ORD-110 | B11: 46157 | C11: SUP-004 | D11: Components | E11: 150 | F11: 92 | G11: =E11*F11 -> 13800 | H11: 12 | I11: 15 | J11: =_xlfn.XLOOKUP(C:C,'Supplier_Info!'!A:A,'Supplier_Info!'!B:B) -> Rhine Component GmbH | K11: =_xlfn.XLOOKUP(C:C,'Supplier_Info!'!A:A,'Supplier_Info!'!D:D) -> Medium | L11: =I11-H11 -> 3 | M11: =IF(I11<=H11,1,0) -> 0
A12: ORD-111 | B12: 46160 | C12: SUP-002 | D12: Raw Materials | E12: 300 | F12: 15 | G12: =E12*F12 -> 4500 | H12: 10 | I12: 9 | J12: =_xlfn.XLOOKUP(C:C,'Supplier_Info!'!A:A,'Supplier_Info!'!B:B) -> Nordic Steel Corp | K12: =_xlfn.XLOOKUP(C:C,'Supplier_Info!'!A:A,'Supplier_Info!'!D:D) -> Low | L12: =I12-H12 -> -1 | M12: =IF(I12<=H12,1,0) -> 1
A13: ORD-112 | B13: 46161 | C13: SUP-001 | D13: Packaging | E13: 1500 | F13: 1.8 | G13: =E13*F13 -> 2700 | H13: 7 | I13: 7 | J13: =_xlfn.XLOOKUP(C:C,'Supplier_Info!'!A:A,'Supplier_Info!'!B:B) -> Alpha Packaging Ltd | K13: =_xlfn.XLOOKUP(C:C,'Supplier_Info!'!A:A,'Supplier_Info!'!D:D) -> Low | L13: =I13-H13 -> 0 | M13: =IF(I13<=H13,1,0) -> 1
... A16: ORD-115 | B16: 46168 | C16: SUP-005 | D16: Logistics Equipment | E16: 22 | F16: 450 | G16: =E16*F16 -> 9900 | H16: 14 | I16: 18 | J16: =_xlfn.XLOOKUP(C:C,'Supplier_Info!'!A:A,'Supplier_Info!'!B:B) -> Apex Global Freight | K16: =_xlfn.XLOOKUP(C:C,'Supplier_Info!'!A:A,'Supplier_Info!'!D:D) -> Medium | L16: =I16-H16 -> 4 | M16: =IF(I16<=H16,1,0) -> 0

Sheet Supplier_Info!
A1: Supplier ID | B1: Supplier Name | C1: Location | D1: Risk Level
A2: SUP-001 | B2: Alpha Packaging Ltd | C2: Germany | D2: Low
A3: SUP-002 | B3: Nordic Steel Corp | C3: Denmark | D3: Low
A4: SUP-003 | B4: Zeng Logistics & Co | C4: China | D4: High
A5: SUP-004 | B5: Rhine Component GmbH | C5: Germany | D5: Medium
A6: SUP-005 | B6: Apex Global Freight | C6: United States | D6: Medium
